{
  "auc_mean": 0.6274509803921569,
  "auc_std": 0.039215686274509776,
  "f1_mean": 0.9732437529467233,
  "f1_std": 0.0029467232437529467,
  "acc_mean": 0.9478980322003578,
  "acc_std": 0.005590339892665497,
  "n_folds": 2,
  "n_subjects": 163
}