{
  "auc_mean": 0.8893557422969187,
  "auc_std": 0.03221288515406162,
  "f1_mean": 0.9619277108433735,
  "f1_std": 0.001927710843373509,
  "acc_mean": 0.926654740608229,
  "acc_std": 0.0035778175313058713,
  "n_folds": 2,
  "n_subjects": 163
}