{
  "auc_mean": 0.6533613445378151,
  "auc_std": 0.084733893557423,
  "f1_mean": 0.9832408691631993,
  "f1_std": 0.007050392972723085,
  "acc_mean": 0.967128801431127,
  "acc_std": 0.013640429338103721,
  "n_folds": 2,
  "n_subjects": 163
}