{
  "auc_mean": 0.6253501400560224,
  "auc_std": 0.017507002801120497,
  "f1_mean": 0.9792661619103087,
  "f1_std": 0.008969132207338415,
  "acc_mean": 0.9595259391771019,
  "acc_std": 0.017218246869409648,
  "n_folds": 2,
  "n_subjects": 163
}