{
  "auc_mean": 0.36204481792717086,
  "auc_std": 0.018907563025210072,
  "f1_mean": 0.9892632781267847,
  "f1_std": 0.001027984009137617,
  "acc_mean": 0.9787567084078712,
  "acc_std": 0.00201252236135957,
  "n_folds": 2,
  "n_subjects": 163
}