{
  "cv_auc_mean": 0.5669070281779663,
  "cv_auc_std": 0.029009655138132775,
  "cv_f1_mean": 0.5552657120156879,
  "cv_f1_std": 0.0169953791036317,
  "cv_acc_mean": 0.5428323534051087,
  "cv_acc_std": 0.013865555661363311,
  "cv_n_folds": 5,
  "test_auc": 0.532235939643347,
  "test_f1": 0.5818181818181818,
  "test_acc": 0.5740740740740741,
  "train_samples": 444,
  "test_samples": 108,
  "train_subjects": 233,
  "test_subjects": 59,
  "n_features_raw": 23,
  "n_features_selected": 23
}