{
  "cv_auc_mean": 0.7617270242624934,
  "cv_auc_std": 0.06392178011632556,
  "cv_f1_mean": 0.7174633946911175,
  "cv_f1_std": 0.061380924279192575,
  "cv_acc_mean": 0.6942617908407382,
  "cv_acc_std": 0.08007529945773044,
  "cv_n_folds": 5,
  "test_auc": 0.7201646090534979,
  "test_f1": 0.6788990825688074,
  "test_acc": 0.6759259259259259,
  "train_samples": 444,
  "test_samples": 108,
  "train_subjects": 233,
  "test_subjects": 59,
  "n_features_raw": 33,
  "n_features_selected": 33
}