{
  "rskf_auc_mean": 0.825108343441908,
  "rskf_auc_std": 0.038062824379565895,
  "rskf_auc_ci_low": 0.8013136384683271,
  "rskf_auc_ci_high": 0.8339364962366289,
  "rskf_f1_mean": 0.767600199331069,
  "rskf_f1_std": 0.034806990805218326,
  "rskf_acc_mean": 0.7510704909810697,
  "rskf_acc_std": 0.03671302583871688,
  "rskf_n_folds": 25,
  "n_samples": 552,
  "n_subjects": 292,
  "n_features_raw": 176,
  "n_features_selected": 38
}