{
  "rskf_auc_mean": 0.8299505182671385,
  "rskf_auc_std": 0.03873767237793743,
  "rskf_auc_ci_low": 0.8086496235687968,
  "rskf_auc_ci_high": 0.8395510575860395,
  "rskf_f1_mean": 0.7708929914985858,
  "rskf_f1_std": 0.03232575816927138,
  "rskf_acc_mean": 0.7543163464304148,
  "rskf_acc_std": 0.03570683986283236,
  "rskf_n_folds": 25,
  "n_samples": 552,
  "n_subjects": 292,
  "n_features_raw": 118,
  "n_features_selected": 56
}