{
  "rskf_auc_mean": 0.5932213570518101,
  "rskf_auc_std": 0.06684499435645758,
  "rskf_auc_ci_low": 0.5601208146037615,
  "rskf_auc_ci_high": 0.6009635595876137,
  "rskf_f1_mean": 0.6111201645331896,
  "rskf_f1_std": 0.04937119593417319,
  "rskf_acc_mean": 0.5554417904599209,
  "rskf_acc_std": 0.06143682780571458,
  "rskf_n_folds": 25,
  "n_samples": 552,
  "n_subjects": 292,
  "n_features_raw": 2,
  "n_features_selected": 2
}