{
  "rskf_auc_mean": 0.5588789395888526,
  "rskf_auc_std": 0.06279407208546327,
  "rskf_auc_ci_low": 0.5374024053634696,
  "rskf_auc_ci_high": 0.579778666593505,
  "rskf_f1_mean": 0.5636322351136104,
  "rskf_f1_std": 0.05577857532971766,
  "rskf_acc_mean": 0.5487124459702541,
  "rskf_acc_std": 0.05321976079889404,
  "rskf_n_folds": 25,
  "n_samples": 552,
  "n_subjects": 292,
  "n_features_raw": 23,
  "n_features_selected": 23
}