{
  "rskf_auc_mean": 0.745693919393042,
  "rskf_auc_std": 0.040657807914392226,
  "rskf_auc_ci_low": 0.7245238581621483,
  "rskf_auc_ci_high": 0.7605889066856892,
  "rskf_f1_mean": 0.6975764641088102,
  "rskf_f1_std": 0.02920192797596331,
  "rskf_acc_mean": 0.6799056975315478,
  "rskf_acc_std": 0.026294837409746447,
  "rskf_n_folds": 25,
  "n_samples": 552,
  "n_subjects": 292,
  "n_features_raw": 33,
  "n_features_selected": 33
}