{
  "rskf_auc_mean": 0.7720597202607817,
  "rskf_auc_std": 0.04736987753949451,
  "rskf_auc_ci_low": 0.7474446174690552,
  "rskf_auc_ci_high": 0.7844758704644281,
  "rskf_f1_mean": 0.7507119881000038,
  "rskf_f1_std": 0.04184066813948758,
  "rskf_acc_mean": 0.7235870442888739,
  "rskf_acc_std": 0.0426214648572315,
  "rskf_n_folds": 25,
  "n_samples": 552,
  "n_subjects": 292,
  "n_features_raw": 264,
  "n_features_selected": 264
}