{
  "rskf_auc_mean": 0.8241645312682185,
  "rskf_auc_std": 0.04057608735886196,
  "rskf_auc_ci_low": 0.8017282026925402,
  "rskf_auc_ci_high": 0.8341958002033031,
  "rskf_f1_mean": 0.7688618466783071,
  "rskf_f1_std": 0.028997333322019894,
  "rskf_acc_mean": 0.7533133942530731,
  "rskf_acc_std": 0.028684148872150473,
  "rskf_n_folds": 25,
  "n_samples": 552,
  "n_subjects": 292,
  "n_features_raw": 174,
  "n_features_selected": 41
}