{
  "rskf_auc_mean": 0.5916059149042314,
  "rskf_auc_std": 0.05023689640027729,
  "rskf_auc_ci_low": 0.5651336877339772,
  "rskf_auc_ci_high": 0.6097941968092045,
  "rskf_f1_mean": 0.5771206913066059,
  "rskf_f1_std": 0.054809481344500914,
  "rskf_acc_mean": 0.5532672921838355,
  "rskf_acc_std": 0.048368881431534866,
  "rskf_n_folds": 25,
  "n_samples": 552,
  "n_subjects": 292,
  "n_features_raw": 88,
  "n_features_selected": 33
}