{
  "cv_auc_mean": 0.843166530524883,
  "cv_auc_std": 0.03538003615345416,
  "cv_f1_mean": 0.8056474420512887,
  "cv_f1_std": 0.024781684892018388,
  "cv_acc_mean": 0.7844041098220665,
  "cv_acc_std": 0.036138229676457745,
  "cv_n_folds": 5,
  "test_auc": 0.7815500685871056,
  "test_f1": 0.7142857142857143,
  "test_acc": 0.7037037037037037,
  "train_samples": 444,
  "test_samples": 108,
  "train_subjects": 233,
  "test_subjects": 59,
  "n_features_raw": 118,
  "n_features_selected": 54
}