{
  "rskf_auc_mean": 0.8262756290594776,
  "rskf_auc_std": 0.030822098899502416,
  "rskf_auc_ci_low": 0.8053225756332991,
  "rskf_auc_ci_high": 0.8365653726206056,
  "rskf_f1_mean": 0.7718596261274452,
  "rskf_f1_std": 0.032328525330273,
  "rskf_acc_mean": 0.7550272651996518,
  "rskf_acc_std": 0.0311712665943998,
  "rskf_n_folds": 25,
  "n_samples": 552,
  "n_subjects": 292,
  "n_features_raw": 151,
  "n_features_selected": 48
}