{
  "cv_auc_mean": 0.5664905745372565,
  "cv_auc_std": 0.038384114187432476,
  "cv_f1_mean": 0.6247682470014,
  "cv_f1_std": 0.041311368715735465,
  "cv_acc_mean": 0.5498242624248817,
  "cv_acc_std": 0.0356074099171546,
  "cv_n_folds": 5,
  "test_auc": 0.5876200274348422,
  "test_f1": 0.640625,
  "test_acc": 0.5740740740740741,
  "train_samples": 444,
  "test_samples": 108,
  "train_subjects": 233,
  "test_subjects": 59,
  "n_features_raw": 23,
  "n_features_selected": 23
}