{
  "rskf_auc_mean": 0.8169846922486005,
  "rskf_auc_std": 0.05260334859842058,
  "rskf_auc_ci_low": 0.7931498091766833,
  "rskf_auc_ci_high": 0.826609657482993,
  "rskf_f1_mean": 0.7722363502581326,
  "rskf_f1_std": 0.030021454335881347,
  "rskf_acc_mean": 0.7384209440186652,
  "rskf_acc_std": 0.03993777597915512,
  "rskf_n_folds": 25,
  "n_samples": 552,
  "n_subjects": 292,
  "n_features_raw": 174,
  "n_features_selected": 41
}