{
  "rskf_auc_mean": 0.5210485714969006,
  "rskf_auc_std": 0.051124898478486225,
  "rskf_auc_ci_low": 0.4975678197342792,
  "rskf_auc_ci_high": 0.5411368068215316,
  "rskf_f1_mean": 0.5690820165850046,
  "rskf_f1_std": 0.04801532622459783,
  "rskf_acc_mean": 0.5135363642712963,
  "rskf_acc_std": 0.04737050040812192,
  "rskf_n_folds": 25,
  "n_samples": 552,
  "n_subjects": 292,
  "n_features_raw": 2,
  "n_features_selected": 2
}