{
  "rskf_auc_mean": 0.5654341362664096,
  "rskf_auc_std": 0.04224407290289581,
  "rskf_auc_ci_low": 0.5384164636435271,
  "rskf_auc_ci_high": 0.5823194040288118,
  "rskf_f1_mean": 0.6139550673913673,
  "rskf_f1_std": 0.040428605965560985,
  "rskf_acc_mean": 0.5491612753322026,
  "rskf_acc_std": 0.04161992157325917,
  "rskf_n_folds": 25,
  "n_samples": 552,
  "n_subjects": 292,
  "n_features_raw": 23,
  "n_features_selected": 23
}