{
  "rskf_auc_mean": 0.8158606894583061,
  "rskf_auc_std": 0.048885415448187614,
  "rskf_auc_ci_low": 0.7923051705546943,
  "rskf_auc_ci_high": 0.8256793087864112,
  "rskf_f1_mean": 0.7683122621346279,
  "rskf_f1_std": 0.034471751861712634,
  "rskf_acc_mean": 0.735060308387072,
  "rskf_acc_std": 0.044893279054058585,
  "rskf_n_folds": 25,
  "n_samples": 552,
  "n_subjects": 292,
  "n_features_raw": 176,
  "n_features_selected": 38
}