{
  "rskf_auc_mean": 0.8173105628419957,
  "rskf_auc_std": 0.05162062181564963,
  "rskf_auc_ci_low": 0.7937724741788994,
  "rskf_auc_ci_high": 0.8272632510081406,
  "rskf_f1_mean": 0.7695430464639101,
  "rskf_f1_std": 0.03190918642820147,
  "rskf_acc_mean": 0.7370435159950409,
  "rskf_acc_std": 0.04015311413466528,
  "rskf_n_folds": 25,
  "n_samples": 552,
  "n_subjects": 292,
  "n_features_raw": 151,
  "n_features_selected": 48
}