{
  "rskf_auc_mean": 0.5548046468311019,
  "rskf_auc_std": 0.05409837306551776,
  "rskf_auc_ci_low": 0.5246518961247271,
  "rskf_auc_ci_high": 0.5685043276234284,
  "rskf_f1_mean": 0.6285770259470432,
  "rskf_f1_std": 0.041645127109619665,
  "rskf_acc_mean": 0.5401968536146788,
  "rskf_acc_std": 0.0474924296412211,
  "rskf_n_folds": 25,
  "n_samples": 552,
  "n_subjects": 292,
  "n_features_raw": 88,
  "n_features_selected": 33
}