{
  "rskf_auc_mean": 0.7192185766704929,
  "rskf_auc_std": 0.04392167401847976,
  "rskf_auc_ci_low": 0.6917100911639991,
  "rskf_auc_ci_high": 0.7310084575527244,
  "rskf_f1_mean": 0.7024509014751339,
  "rskf_f1_std": 0.037295435979859556,
  "rskf_acc_mean": 0.6632179821351427,
  "rskf_acc_std": 0.04192922293344928,
  "rskf_n_folds": 25,
  "n_samples": 552,
  "n_subjects": 292,
  "n_features_raw": 33,
  "n_features_selected": 33
}