{
  "cv_auc_mean": 0.8454929615732819,
  "cv_auc_std": 0.042341700776261995,
  "cv_f1_mean": 0.806640154069397,
  "cv_f1_std": 0.038509088573704754,
  "cv_acc_mean": 0.7658145724244796,
  "cv_acc_std": 0.053041797140857876,
  "cv_n_folds": 5,
  "test_auc": 0.7680041152263375,
  "test_f1": 0.746031746031746,
  "test_acc": 0.7037037037037037,
  "train_samples": 444,
  "test_samples": 108,
  "train_subjects": 233,
  "test_subjects": 59,
  "n_features_raw": 118,
  "n_features_selected": 54
}