{
  "rskf_auc_mean": 0.8139340948714261,
  "rskf_auc_std": 0.051227754629618066,
  "rskf_auc_ci_low": 0.7882339468297909,
  "rskf_auc_ci_high": 0.8209939000723838,
  "rskf_f1_mean": 0.769160288934197,
  "rskf_f1_std": 0.03676841599406899,
  "rskf_acc_mean": 0.7289520686945882,
  "rskf_acc_std": 0.047615065551171114,
  "rskf_n_folds": 25,
  "n_samples": 552,
  "n_subjects": 292,
  "n_features_raw": 264,
  "n_features_selected": 264
}