{
  "rskf_auc_mean": 0.8217863628280893,
  "rskf_auc_std": 0.051607945859487976,
  "rskf_auc_ci_low": 0.7986631199693778,
  "rskf_auc_ci_high": 0.830231727885704,
  "rskf_f1_mean": 0.7806718007461153,
  "rskf_f1_std": 0.030422513374129257,
  "rskf_acc_mean": 0.7456712505672659,
  "rskf_acc_std": 0.03558706362687717,
  "rskf_n_folds": 25,
  "n_samples": 552,
  "n_subjects": 292,
  "n_features_raw": 118,
  "n_features_selected": 56
}