{
  "rskf_auc_mean": 0.5882789324652542,
  "rskf_auc_std": 0.06232491405783956,
  "rskf_auc_ci_low": 0.5499873502155489,
  "rskf_auc_ci_high": 0.5906818726590025,
  "rskf_f1_mean": 0.5194547594251435,
  "rskf_f1_std": 0.052742787971248144,
  "rskf_acc_mean": 0.5505199700267484,
  "rskf_acc_std": 0.048847788333276035,
  "rskf_n_folds": 25,
  "n_samples": 552,
  "n_subjects": 292,
  "n_features_raw": 2,
  "n_features_selected": 2
}