{
  "rskf_auc_mean": 0.5550778785983808,
  "rskf_auc_std": 0.07262537351816886,
  "rskf_auc_ci_low": 0.5251697464044611,
  "rskf_auc_ci_high": 0.5708304280938167,
  "rskf_f1_mean": 0.5306987320249781,
  "rskf_f1_std": 0.06285445157883782,
  "rskf_acc_mean": 0.5372070336599316,
  "rskf_acc_std": 0.05060941376862464,
  "rskf_n_folds": 25,
  "n_samples": 552,
  "n_subjects": 292,
  "n_features_raw": 23,
  "n_features_selected": 23
}