{
  "rskf_auc_mean": 0.5697944921133452,
  "rskf_auc_std": 0.05466587928018173,
  "rskf_auc_ci_low": 0.534444546643014,
  "rskf_auc_ci_high": 0.5770467566670675,
  "rskf_f1_mean": 0.5634792303472227,
  "rskf_f1_std": 0.05806231219556858,
  "rskf_acc_mean": 0.5344242776870956,
  "rskf_acc_std": 0.051051838224404296,
  "rskf_n_folds": 25,
  "n_samples": 552,
  "n_subjects": 292,
  "n_features_raw": 88,
  "n_features_selected": 33
}