{
  "rskf_auc_mean": 0.7395285263279773,
  "rskf_auc_std": 0.044471420424105006,
  "rskf_auc_ci_low": 0.7135412546283297,
  "rskf_auc_ci_high": 0.7512755709043768,
  "rskf_f1_mean": 0.6752417602967369,
  "rskf_f1_std": 0.04967082758150706,
  "rskf_acc_mean": 0.6665317879239383,
  "rskf_acc_std": 0.04672958224177171,
  "rskf_n_folds": 25,
  "n_samples": 552,
  "n_subjects": 292,
  "n_features_raw": 33,
  "n_features_selected": 33
}