{
  "rskf_auc_mean": 0.8361070506058974,
  "rskf_auc_std": 0.04056636782148903,
  "rskf_auc_ci_low": 0.8136521533801484,
  "rskf_auc_ci_high": 0.8440701185496843,
  "rskf_f1_mean": 0.7648438935535832,
  "rskf_f1_std": 0.03651138994064777,
  "rskf_acc_mean": 0.7465132383804791,
  "rskf_acc_std": 0.044299422143968155,
  "rskf_n_folds": 25,
  "n_samples": 552,
  "n_subjects": 292,
  "n_features_raw": 151,
  "n_features_selected": 48
}