{
  "rskf_auc_mean": 0.8351141789235601,
  "rskf_auc_std": 0.04187278557186403,
  "rskf_auc_ci_low": 0.813046842395107,
  "rskf_auc_ci_high": 0.8431298309024378,
  "rskf_f1_mean": 0.7750177766324609,
  "rskf_f1_std": 0.036068019211530154,
  "rskf_acc_mean": 0.7576824390732029,
  "rskf_acc_std": 0.04155633122031923,
  "rskf_n_folds": 25,
  "n_samples": 552,
  "n_subjects": 292,
  "n_features_raw": 174,
  "n_features_selected": 41
}