{
  "rskf_auc_mean": 0.8402689993376652,
  "rskf_auc_std": 0.044693097118427914,
  "rskf_auc_ci_low": 0.817107289440537,
  "rskf_auc_ci_high": 0.8472955356131856,
  "rskf_f1_mean": 0.7862865832289985,
  "rskf_f1_std": 0.032887321294997766,
  "rskf_acc_mean": 0.764226934986175,
  "rskf_acc_std": 0.03607261522055366,
  "rskf_n_folds": 25,
  "n_samples": 552,
  "n_subjects": 292,
  "n_features_raw": 264,
  "n_features_selected": 264
}