{
  "rskf_auc_mean": 0.8337880362582143,
  "rskf_auc_std": 0.043415254306849525,
  "rskf_auc_ci_low": 0.8089983594074311,
  "rskf_auc_ci_high": 0.8410303413756856,
  "rskf_f1_mean": 0.7647016217302709,
  "rskf_f1_std": 0.028345625219252976,
  "rskf_acc_mean": 0.7477357295678725,
  "rskf_acc_std": 0.03518104595052741,
  "rskf_n_folds": 25,
  "n_samples": 552,
  "n_subjects": 292,
  "n_features_raw": 176,
  "n_features_selected": 38
}