{
  "rskf_auc_mean": 0.8369618038924813,
  "rskf_auc_std": 0.04308824981670567,
  "rskf_auc_ci_low": 0.8157552221319404,
  "rskf_auc_ci_high": 0.8457242012122232,
  "rskf_f1_mean": 0.7729103229598246,
  "rskf_f1_std": 0.035603800763996905,
  "rskf_acc_mean": 0.7550618399809166,
  "rskf_acc_std": 0.0404935273036556,
  "rskf_n_folds": 25,
  "n_samples": 552,
  "n_subjects": 292,
  "n_features_raw": 118,
  "n_features_selected": 56
}