{
  "rskf_auc_mean": 0.5643538563130872,
  "rskf_auc_std": 0.03400905112803762,
  "rskf_auc_ci_low": 0.5413727272727273,
  "rskf_auc_ci_high": 0.5831458901292372,
  "rskf_f1_mean": 0.5996232782504635,
  "rskf_f1_std": 0.0387516079607839,
  "rskf_acc_mean": 0.5621382343354641,
  "rskf_acc_std": 0.028887585997910855,
  "rskf_n_folds": 25,
  "n_samples": 552,
  "n_subjects": 292,
  "n_features_raw": 23,
  "n_features_selected": 23
}