{
  "cv_auc_mean": 0.8559694196527149,
  "cv_auc_std": 0.03440842166137778,
  "cv_f1_mean": 0.8055554276424806,
  "cv_f1_std": 0.04050247514703514,
  "cv_acc_mean": 0.7749297451774233,
  "cv_acc_std": 0.04688194750019746,
  "cv_n_folds": 5,
  "test_auc": 0.7287379972565159,
  "test_f1": 0.6666666666666666,
  "test_acc": 0.6296296296296297,
  "train_samples": 444,
  "test_samples": 108,
  "train_subjects": 233,
  "test_subjects": 59,
  "n_features_raw": 264,
  "n_features_selected": 264
}