{
  "rskf_auc_mean": 0.5336598061962837,
  "rskf_auc_std": 0.04832215964301251,
  "rskf_auc_ci_low": 0.5123956064060803,
  "rskf_auc_ci_high": 0.5546459980350786,
  "rskf_f1_mean": 0.5491594205350201,
  "rskf_f1_std": 0.05039785542961958,
  "rskf_acc_mean": 0.5224634923191662,
  "rskf_acc_std": 0.040870026115792775,
  "rskf_n_folds": 25,
  "n_samples": 552,
  "n_subjects": 292,
  "n_features_raw": 2,
  "n_features_selected": 2
}