{
  "rskf_auc_mean": 0.8127716305913941,
  "rskf_auc_std": 0.052520613830713256,
  "rskf_auc_ci_low": 0.7886652640530716,
  "rskf_auc_ci_high": 0.8223431549723639,
  "rskf_f1_mean": 0.760529629288485,
  "rskf_f1_std": 0.04252073721321968,
  "rskf_acc_mean": 0.7357922174638725,
  "rskf_acc_std": 0.047613744019280785,
  "rskf_n_folds": 25,
  "n_samples": 552,
  "n_subjects": 292,
  "n_features_raw": 174,
  "n_features_selected": 41
}