{
  "rskf_auc_mean": 0.8179707055675816,
  "rskf_auc_std": 0.05062242666805749,
  "rskf_auc_ci_low": 0.7934745096422628,
  "rskf_auc_ci_high": 0.826505445128589,
  "rskf_f1_mean": 0.7635786605726045,
  "rskf_f1_std": 0.03938359621896171,
  "rskf_acc_mean": 0.7394809800959163,
  "rskf_acc_std": 0.04327027251871134,
  "rskf_n_folds": 25,
  "n_samples": 552,
  "n_subjects": 292,
  "n_features_raw": 151,
  "n_features_selected": 48
}