{
  "rskf_auc_mean": 0.8144364236912597,
  "rskf_auc_std": 0.047526546022860904,
  "rskf_auc_ci_low": 0.7905148593971746,
  "rskf_auc_ci_high": 0.8237541112448038,
  "rskf_f1_mean": 0.7683474268928758,
  "rskf_f1_std": 0.043811435290153744,
  "rskf_acc_mean": 0.7451385176107594,
  "rskf_acc_std": 0.04891278054376431,
  "rskf_n_folds": 25,
  "n_samples": 552,
  "n_subjects": 292,
  "n_features_raw": 176,
  "n_features_selected": 38
}