{
  "cv_auc_mean": 0.8594904919545654,
  "cv_auc_std": 0.04694630183680033,
  "cv_f1_mean": 0.8062046991134691,
  "cv_f1_std": 0.04152769644304984,
  "cv_acc_mean": 0.7790177933521587,
  "cv_acc_std": 0.05535835654171133,
  "cv_n_folds": 5,
  "test_auc": 0.7283950617283951,
  "test_f1": 0.6611570247933884,
  "test_acc": 0.6203703703703703,
  "train_samples": 444,
  "test_samples": 108,
  "train_subjects": 233,
  "test_subjects": 59,
  "n_features_raw": 174,
  "n_features_selected": 41
}