{
  "rskf_auc_mean": 0.7212256443884474,
  "rskf_auc_std": 0.04531368942510197,
  "rskf_auc_ci_low": 0.6966443851302473,
  "rskf_auc_ci_high": 0.7372597829402139,
  "rskf_f1_mean": 0.6863348523876087,
  "rskf_f1_std": 0.04123419567122106,
  "rskf_acc_mean": 0.6640535541534741,
  "rskf_acc_std": 0.03856250819882463,
  "rskf_n_folds": 25,
  "n_samples": 552,
  "n_subjects": 292,
  "n_features_raw": 33,
  "n_features_selected": 33
}