{
  "rskf_auc_mean": 0.8239645613944957,
  "rskf_auc_std": 0.0457123262383138,
  "rskf_auc_ci_low": 0.8010383990227593,
  "rskf_auc_ci_high": 0.832960677705673,
  "rskf_f1_mean": 0.7756508001685333,
  "rskf_f1_std": 0.04259162757880724,
  "rskf_acc_mean": 0.7497480887623494,
  "rskf_acc_std": 0.04817670274464405,
  "rskf_n_folds": 25,
  "n_samples": 552,
  "n_subjects": 292,
  "n_features_raw": 264,
  "n_features_selected": 264
}