{
  "rskf_auc_mean": 0.5506371442553923,
  "rskf_auc_std": 0.04889052690759383,
  "rskf_auc_ci_low": 0.5236646160070896,
  "rskf_auc_ci_high": 0.5690680574705849,
  "rskf_f1_mean": 0.5960291973749308,
  "rskf_f1_std": 0.04124648700806643,
  "rskf_acc_mean": 0.5413174576694693,
  "rskf_acc_std": 0.04614226940077527,
  "rskf_n_folds": 25,
  "n_samples": 552,
  "n_subjects": 292,
  "n_features_raw": 88,
  "n_features_selected": 33
}