{
  "rskf_auc_mean": 0.8103099486339579,
  "rskf_auc_std": 0.050058378871359874,
  "rskf_auc_ci_low": 0.7882888559099126,
  "rskf_auc_ci_high": 0.8214580538288132,
  "rskf_f1_mean": 0.7638717599376623,
  "rskf_f1_std": 0.03971923953729161,
  "rskf_acc_mean": 0.7397465299120881,
  "rskf_acc_std": 0.04475423476981058,
  "rskf_n_folds": 25,
  "n_samples": 552,
  "n_subjects": 292,
  "n_features_raw": 118,
  "n_features_selected": 56
}